,Comment,id,date,Pos,Neg,Neu
0,Shopping for a new car? There's a discount when using The Straight Pipes link tsp.truecar.com,"
 @Exotourbillion66
 ",1 year ago,0.137,0.0,0.863
1,"Personally, I think the new taillights look a lot like the Halo sword.. :D","
 @HimTortons
 ",1 year ago,0.395,0.0,0.605
2,"9:55 as a German, I can tell you German cowboys are almost exactly like the ones in Canada and the USA. The only difference is they greet each other by saying ""Audi"".","
 @arikukuku
 ",1 year ago,0.139,0.0,0.861
3,"As a GLC 43 owner I think the X3m40i, SQ5, Macan S etc., all hit a really nice sweet spot for not being their more expensive, higher performance counterparts. I think 380ish HP is more than enough for a daily driver SUV that you can still have some fun with.","
 @cavarusmiller7690
 ",1 year ago,0.191,0.0,0.809
4,"I worked at the BMW plant here in SC, which produces the X vehicles for a bit. Now I work for the company that produces the doors and instrument panels for BMW. Itâ€™s great to see people enjoying the suvs! Great review guys!","
 @Bobby_Vang
 ",1 year ago (edited),0.253,0.0,0.747
5,The interior of this car is great. With the new updated B58 engine this thing is going to be fast as hell since we've been seeing this engine do 460-480whp with FBO ethanol blend.,"
 @lamakicker69
 ",1 year ago (edited),0.101,0.113,0.786
6,Best part about this car is how much tuning potential this engine has. Literally just need a downpipe and an e40 tune and itâ€™s making well over 500hp.,"
 @Shift4g
 ",1 year ago,0.201,0.0,0.799
7,"Correction: The MXX models are not M Sports (which is a package on lower trims), they are M Performance models. They sit above M Sport and under M because the M team actually breathed on them (just to a lesser degree than the pure breds).","
 @drew1073
 ",1 year ago,0.0,0.056,0.944
8,"Great video and review as always guys! Love your critiques but miss your Box test!!
I have a 2021 x3 M40i and the power is addictive but very accessible. The X3M on my test drive was not compatible with commuting due to a super harsh suspension. Audi, MB, and Volvo canâ€™t come close to this combo of power, fuel economy, cargo space and passenger spaceâ€¦plus the infotainment is really great. Exhaust note is also maturing nicely over time. Interesting to note that the highway mph actually went down with the mild hybrid system and the US EPA found no benefit with city mpg. In Ecopro mode this will reliably get 25-27 mpg on the highway at high speed (~75-80mph). I love this car!","
 @curtr.5083
 ",1 year ago,0.227,0.077,0.696
9,"We absolutely adore our 2020 X3 M40i.  It has the same engine tune but no mild-hybrid system.  That thing has been such a tank; it has taken a hit from a truck and continued to run perfectly.  It can deal with deep snow with no problems either, even with the A/S tires (star spec Bridgestones).  It has been super ergonomic, super efficient, and fun for my wife and I.  I would recommend one for anyone even if they have to pay a little more than they want, you wonâ€™t regret it!","
 @trabbic
 ",1 year ago,0.271,0.12,0.609
10,"I have a 2021 X3 M40i and I absolutely love it. I drove the X3M and the ride was just too harsh for a daily driver. My car is pretty loaded up with the same rims and I still feel like it's a great value. BTW, I have the exposed wood trim, no cowboy branding tho .

I'm a huge fan of your channel! I subscribed before it was cool.","
 @michaelsmith1603
 ",1 year ago,0.305,0.082,0.613
11,I work at the plant where these are built in the US! So cool to see your opinions on the vehicles I help build! Love the video!,"
 @mr.t7274
 ",1 year ago,0.32,0.0,0.68
12,you guys always get the good combination of interior and exterior,"
 @lamakicker69
 ",1 year ago,0.225,0.0,0.775
13,The best part about this car? How much power the engine can make with basic mods. You literally just need a downpipe and a e50 blend of gas and itâ€™s making 500whp.,"
 @vomErsten
 ",1 year ago,0.127,0.0,0.873
14,"I have a theory about M; I think BMW is acutely aware of how ""diluted"" M cars have become in the balance between enthusiast driving and daily commuting. Starting with the current M3/4, it looks like they are making M even more hardcore and using the M-sport to satisfy all the people who want a more daily-livable M-car. Ergo the Mx40i cars getting all the badges, the mirrors, and even the special edition M-things like the retro emblem. Also why they are getting way more performant than they have ever been before.","
 @s2000killa1
 ",1 year ago,0.153,0.0,0.847
15,"I drove 3 x3/X4Mâ€™s to convince myself, coming from an F82. Ended up with an x4 M40i. I strongly advise potential buyers to try these Pseudo Mâ€™s without hate. Ultimately, the M40i drove very well, was better damped and sounded better. The x3/X4M just are not as intense as youâ€™d hope, and when you consider gas/maint/insurance itâ€™s not just a few hundred difference. Donâ€™t forget the engine is tuned more NA on Mâ€™s which is frustrating in daily driving. I used to hate these M performance cars after 5 Mâ€™s but I put my ego aside and ended up enjoying these. Worth a shot.","
 @coolaa7
 ",1 year ago,0.201,0.042,0.757
16,"A little more commentary on how it rides would be nice, how stiff is the suspension in the various modes?","
 @grantberry6070
 ",1 year ago (edited),0.135,0.0,0.865
17,Currently my daily driver and I love every bit of it ,"
 @cosyr
 ",1 year ago,0.318,0.0,0.682
18,"Bring back the Box test! You guys were the only ones that did that, and it's so useful!","
 @manashpathak7006
 ",1 year ago,0.203,0.0,0.797
19,"Liked the videography. Very few car reviewing channels shows the car more while driving now a days and shows the driver instead, which makes the video boring for car enthusiasts. You guys are doing a fantastic job. ","
 @gregorytrane7828
 ",1 year ago,0.209,0.055,0.736
20,"Good review as always. I always get the impression that you two like the Porsche's more for performance, driving dynamics, workmanship, quality materials or ergonomics but not the costly price (for which I agree because Porsche makes you pay for everything). You both seem more enthusiastic driving the Porsche's in cliche corner. I could be mistaken but it's just a personal observation.","
 @markmac9594
 ",1 year ago,0.231,0.069,0.7
21,I think the limp test is a great idea it shows how good the seats are bolstered,"
 @pej7445
 ",1 year ago,0.35,0.0,0.65
22,"I have a 2019 X3 m40i and added a JB+ to get 400hp. It's an amazing SAV! Great size, power, comfort, and a blast to drive!","
 @gilbertferguson1685
 ",1 year ago,0.366,0.0,0.634
23,"Love my 2020 X3 M40i. Did not get M badges over the fender vents, but the European models did. Go figure. 
Nice video. ","
 @marnuscoreyempanadaslooseb6760
 ",1 year ago,0.24,0.0,0.76
24,"I had a X3M40i for a day when my E90 LCI 323i went in for a service two years ago and it was an absolute beast. I would buy one, but it doesnâ€™t have enough boot space for my dog.","
 @sid007dhanda
 ",1 year ago,0.0,0.0,1.0
25,Love your content.....I know u guys do box tests but do the boot space in ltrs....will help a lot.....thanks ,"
 @jpkc86
 ",1 year ago,0.291,0.0,0.709
26,"The ""I went limp"" test had me rolling! Haha. THC + TSP is a good combo!","
 @joellarrysr9977
 ",1 year ago,0.351,0.0,0.649
27,"I have a 2020 , which your previous M40i review sold me on. There are some cool things on the 22 , like the standard Sensatec seat is from the 5 series and the updated cockpit. The outside is no for me. I did test drive a base X5 at the same price but it was too big on the outside and not at all bigger on the inside. I like to dart around traffic so the X3 is perfect.  The M sport ""styling"" I would have wanted on the X5 was like a 8k package and out of my range.","
 @calvinchann1996
 ",1 year ago,0.149,0.016,0.835
28,"Daily drive is the current X3 M40i. Itâ€™s a great car. All I need, fast enough and big enough. (Used to drive a 1st gen X6 4.0d) Who really needs an X3M? Only issue is the exhausts in all European versions have an exhaust filter, so no pops and crackles. You also lose a bit of rear luggage space if you spec the spare wheel. Iâ€™d love an M badge on my front grille though.","
 @GregorBlacksmith
 ",1 year ago (edited),0.101,0.116,0.782
29,"I wanted one of these newer X3s and enjoy driving them but similar to you guys, my wife couldnâ€™t get comfortable in the seats over a 10 day rental on PEI.","
 @monschein88
 ",1 year ago,0.195,0.0,0.805
30,"I've had mine for 8 months. Love the car. It's very quick, looks good, handles great, sounds great, infotainment is snappy, and it and has physical buttons for everything. And it fits a car seat and my family comfortably. What else could you ask for?","
 @puyopuyodreamin8805
 ",1 day ago,0.326,0.0,0.674
31,19 badges isn't enough. Limp test 4 the win! I think they nailed it with this one. Thank you gents.,"
 @adamellis9731
 ",1 year ago,0.292,0.0,0.708
32,"Really want this size BMW, but the luxury features of the X5 (massage seats, merino leather, electric adjustable steering wheel) and availability of PHEV are making me consider the X5. I know that the X5 is getting a mid cycle refresh for 2023, but any news of any of the above features making it into the 2023 X3?","
 @meyakoisaiah
 ",1 year ago,0.023,0.0,0.977
33,That was the best 10 seconds of Yuri. 6:30-6:40. I canâ€™t stop laughing.,"
 @shivvashishthabhargava4600
 ",1 year ago,0.398,0.118,0.484
34,"Halo sword taillights look amazingggg! The B58 can hit 490 HP with an Ethanol blend! Just wow. Superb ZF 8 Speed as always, beautiful wheels+calipers! Sport Contact 6s or Pilot Sport 4s's ! This car is a real package! <3 BMW <3","
 @stephenandirenel9786
 ",1 year ago,0.356,0.0,0.644
35,"I got one in the same colour in my garage.  Just love the power, sound and how it handles!","
 @Veyronp87
 ",1 year ago,0.209,0.0,0.791
36,To me this is the best car BMW makes right now. Its so well rounded and accomplishes a lot of different tasks,"
 @SL0Z07
 ",1 year ago,0.349,0.0,0.651
37,"Proud owner of a 22 x3 m40i. Such a great all around daily and very quick for its weight. Canâ€™t wait to tune it, goals are 500-550 whp","
 @gthulasi11
 ",1 year ago,0.231,0.0,0.769
38,"I usually enjoy your videos but lately I think TSP is just talking about the options, infotainment, design which I do like but forget about the driving experience and how the car feels. Hope we can get back to that","
 @aneebaba06
 ",1 year ago,0.207,0.053,0.741
39,Was looking forward to the opinion on the rear taillights. I am satisfied and pleased.,"
 @Nitrium
 ",1 year ago,0.322,0.0,0.678
40,"Interesting the call out of the seat comfort. I had the same problem with my pre-LCI X3 m40i. Never got 100% comfortable on them, dunno why.","
 @xorbitman
 ",1 year ago,0.165,0.171,0.665
41,"For a Canadian car review, while the whole country is freezing cold except for parts of BC, you guys must be testing this somewhere other than Ontario...the t--shirts are a dead giveaway. LOL! Great review. Just one question though; Did you guys test drive a regular X3 and if so how did you find the ride? Is it much firmer than a regular X3? I'm not a fan of performance SUV's because if you want a sports vehicle my advice would be to get a real sports car. SUV's are for hauling people and stuff while sports cars are quite the opposite. I have a sports car and I can tell you that my car has excellent cup holders and proper space for my cellphone. Fun and informative with excellent production quality as usual! Blond hair does suit you....","
 @matar0
 ",1 year ago (edited),0.139,0.052,0.81
42,A little tip for upcoming BMW videos: You can get stillstanding â€žlevitatingâ€œ center logo caps which you can easily switch out. I think the rolling shots and pictures of the wheels would be pretty cool with an upright logo.,"
 @Hardcaslte
 ",1 year ago,0.189,0.0,0.811
43,Omg please make the limp test a permanent thing.  Watching Yuri get rag dolled around the front seat is hilarious looking.,"
 @hardiksnair735
 ",1 year ago,0.217,0.0,0.783
44,500 kW of torque is insane...,"
 @RellupNorth
 ",1 year ago,0.0,0.0,1.0
45,I prefer pre-facelift but a beast in any config,"
 @makatron
 ",1 year ago,0.0,0.0,1.0
46,Those price transitions with poles were tight,"
 @mikeydbryant
 ",1 year ago,0.0,0.0,1.0
47,"I own this vehicle & love the way it performs, it is a lot of fun to drive. My only complaint is, the seats aren't comfortable, especially on long road trips.","
 @tedpark5146
 ",1 year ago,0.206,0.135,0.659
48,"We got ours in October this year and we are in love! Told my wife it's a ""family suv"" ;)","
 @Greatone999
 ",1 year ago,0.273,0.0,0.727
49,"Had mine for about 3 monthsâ€¦â€¦. Luv it 
Great review ","
 @b.sh.1941
 ",1 year ago,0.339,0.0,0.661
50,"Not a fan of the rear light graphics. The rest is pretty good. If I were looking for an SUV.....yeah, I might consider. As a B58 owner I'm of course a fan of the engine.","
 @glorentzen0751
 ",1 year ago,0.169,0.109,0.722
51,Yuri's editing gets better ever video,"
 @Gamblor24
 ",1 year ago,0.367,0.0,0.633
52,"OMG guys, the Yuri gone limp part has to be a new segment on fast cars please, had me cracking up.","
 @jackboxer9958
 ",1 year ago,0.108,0.0,0.892
53,"Like many, I hotly anticipated the gv70 3.5 but canâ€™t see how you would pick that over the x3 m40i. Better looks and aesthetics in the gv70, ok maybe. Better warranty vs the BMW?  Yes almost certainly. With price nearly the same here in Buffalo, NY, sans any rebates, Iâ€™d have to go with the BMW but Iâ€™m not happy about it","
 @chuloyo650
 ",1 year ago,0.241,0.052,0.706
54,"I will get this suv one day even if itâ€™s a couple years from now, it will still look good.","
 @kgothatsotlhabadira6290
 ",1 year ago,0.146,0.0,0.854
55,I work close to the BMW plant in South Africa and these cars look amazing and it was so weird seeing LHD models on their way to the storage facility.,"
 @damilolaakanni
 ",1 year ago,0.115,0.068,0.817
56,"I don't like the tail lights on this new X3. I wonder why BMW finds it difficult to simplify tail lights. The front end looks great here though, especially with the black grille.","
 @HEEHEEBOII
 ",1 year ago,0.112,0.126,0.763
57,"bought the 2021 version, engines the same 2022 is just a minor face lift. Been enjoying it ever since!","
 @porscheguy5848
 ",1 year ago,0.178,0.0,0.822
58,Itâ€™s amazing how good the old M2/3/4 looked and how bad they look now. They gotta fire their designer whoâ€™s making these changes.,"
 @Kromer0
 ",1 year ago,0.212,0.187,0.601
59,"I feel like this review was missing a ""rough road"" section for us city dwellers. The suspension in a test drive felt very rough even in comfort.","
 @iamdonvilla
 ",1 year ago,0.175,0.123,0.702
60,I actually like the regular bumper more than the M.,"
 @mogie73
 ",1 year ago,0.238,0.0,0.762
61,"Great car so much fun and yet still practical! The optional  M Sports differential  is the secret sauce, It turns the car into a true sports-car/ SAV!!","
 @lcater9555
 ",1 year ago,0.34,0.0,0.66
62,I had a 2020 one as a service rental when my 430 was in the shop. Man do I miss that thing.,"
 @shawnshibu
 ",1 year ago,0.0,0.086,0.914
63,Dope!!!! That launch control was awfully long but worth it!!!!,"
 @RellupNorth
 ",1 year ago,0.303,0.0,0.697
64,Bmw got rid of the wireless charger on most models due to supply issues. Ordered an X5 earlier this year and that was taken away even thought it was included in the package purchased. They refunded the cost,"
 @bookstorecore
 ",1 year ago,0.0,0.0,1.0
65,Just picked up a September '22 build (in Australia) and I'm so disappointed that it doesn't have the pull-back sun visors like the one in this vid ,"
 @dfberry
 ",1 month ago,0.082,0.131,0.787
66,Yet again - a great review - thanks!,"
 @urdarkside1
 ",7 months ago,0.709,0.0,0.291
67,Your editor deserves a raise!,"
 @rosstudisco8650
 ",1 year ago,0.0,0.0,1.0
68,I can tell right away when you guys arenâ€™t crazy about a car!,"
 @kashsres1064
 ",1 year ago,0.0,0.212,0.788
69,I can feel the tension between them getting a bit intenser than before. I wonâ€™t be surprised if they part ways in the future. But I hope they donâ€™t.,"
 @jamalpurvis
 ",1 year ago,0.183,0.057,0.76
70,Those tail lights look like the Halo Energy sword. I love the look too. Great review guys!,"
 @superstarsfastcars
 ",1 year ago,0.524,0.0,0.476
71,I think all the 40i versions deserve the M badges IMO. They are basically a street version of a M series. The real Mâ€™s are track cars IMO. Not to mention that less than 3 mods and a 40i makes just as much power as an M. . Iâ€™m just sayingâ€¦. .,"
 @theshindogg
 ",1 year ago,0.0,0.0,1.0
72,"SEATS: I don't think we get the option for those seats you have in the states.  We only get Vercansara (real leather) or Sensatec (Vinyl type). The Sensatec seats were updated this year however, most people are saying those are better and more comfortable than even the real leather ones.  Also can get ventilated. I think I may have to get this or a m340i as my next ride!","
 @jaredwilley6456
 ",1 year ago,0.097,0.0,0.903
73,"I have this car and love it so much I actually watch videos about it. This is definitely the best video about it so far! 
- German Cowboy 

(JK, not really a cowboyâ€¦ or German. But this is a great video. And a great car.)","
 @djmars4193
 ",1 year ago,0.354,0.0,0.646
74,You guys should show the taillights and turn signals,"
 @Rarkmeece
 ",1 year ago,0.0,0.0,1.0
75,Definitely need the limp test. I was laughing through the whole test lol,"
 @peterclifton6312
 ",1 year ago,0.492,0.0,0.508
76,Loving your videos I think bmw has some of the best looking tail lights,"
 @TheeRighteousOnee
 ",1 year ago,0.424,0.0,0.576
77,What a sexy car. I wish BMW would make the entire front interface a touch screen or make it an option at least instead of that same old screen sticking up in the front. Mercedes is starting to move towards primarily touch screens for their front interfaces and it looks clean. Just my opinion though. :),"
 @TheCozzyGaming
 ",1 year ago,0.194,0.0,0.806
78,"This car looks, sounds amazing, bmw really makes quality cars especially M cars","
 @ShawnLomas
 ",1 year ago,0.257,0.0,0.743
79,I just placed an order for one of these in the same color. I canâ€™t wait. 8-10 weeks seems like an eternity!,"
 @CleanIsFast
 ",1 year ago,0.128,0.0,0.872
80,"I agree with the over badging. Would remove the front quarter panel emblem, rear emblems, at a minimum. Probably the front grill emblem as well","
 @jacobbio8374
 ",11 months ago,0.18,0.0,0.82
81,"I prefer the looks of the BMW X4, or any suv coupe. love the sporty look and smooth lines of the roof.","
 @jonanthonylosito2004
 ",1 year ago,0.174,0.0,0.826
82,I really like the X3M but I also like the new Genesis GV70 as well. Idk what I would choose !!,"
 @mozzie2729
 ",1 year ago (edited),0.361,0.066,0.573
83,The taillights instantly reminded me of the energy swords from Halo. The Arbitrator approves.,"
 @Adam-om9hu
 ",1 year ago,0.286,0.0,0.714
84,"My wife has this exact vehicle, but black exterior with the cognac interior. The infotainment center does the weirdest stuff. You actually use hand gestures in front of the screen to control stuff without touching a knob. Like to raise the volune, you can move your finger in a circle.","
 @bernardrubble8703
 ",1 year ago,0.079,0.092,0.829
85,"I have a 991.2 gt3 . The performance of our X3 is just about enough to make me sell the gt3 . But â€¦ expect to buy a new set of tires every three or four oil changes and these tires arenâ€™t cheap . The x3 has a rear tire power bias which results in uneven wear  of the rears over the fronts . The accepted tolerance is 2/32nds difference otherwise too much wear  or abuse of differential . Would have kept me from buying one . Also , you canâ€™t just replace the rears because then theyâ€™ll have too much tread compared to the fronts . Eventually they even out but this is beyond bmw spec and will probably void your warranty . I have 40k on mine , have a dedicated set of winters on wheels so that 40k doesnâ€™t even represent the wear on my summers .","
 @gg-ip3zo
 ",1 year ago,0.066,0.051,0.883
86,"I bought a 2017 Porsche Cayenne s and it broke under a week. So I might trade it for a M40i. I test drove a X3 M40i my eyes started blurring, even though it has less horse power, itâ€™s so much faster and blows the Cayenne S out the water.","
 @sappyjohnson
 ",1 year ago,0.0,0.065,0.935
87,I would definitely take this over the Mercedes GLC. Without even a thought.,"
 @GOBZ1984
 ",1 year ago,0.213,0.0,0.787
88,â€œLaunch controlâ€¦ that was very smoothâ€ * Urieâ€™s head whiplashing every shift * ,"
 @michaelklein2858
 ",1 year ago,0.0,0.0,1.0
89,Just bought a 2018 X3 M40i! Absolute beast,"
 @Coolman2527
 ",1 year ago,0.0,0.0,1.0
90,I have the 2020 X4 M40i (same engine) and I can tell they have killed all the pops and crackles from the exhaustâ€¦,"
 @spick625
 ",1 year ago,0.0,0.184,0.816
91,If these manufacturers aren't going to put push button fold down seats then at least make the headrest flip down also when you pull the latch.,"
 @santana9537
 ",1 year ago,0.0,0.0,1.0
92,Amazing car inside and out,"
 @agustinliden6189
 ",1 year ago,0.487,0.0,0.513
93,This car review was Absolutely great,"
 @akdomun
 ",1 year ago,0.468,0.0,0.532
94,To correct: You guys wrote 500kW at the bottom of the 369lb/ft for the Torque figure at 0:39. It should have been 500Nm,"
 @kelvinngala4027
 ",1 year ago,0.0,0.0,1.0
95,Such a beautiful car.....you even wonder if its still the same company that wants to produce the new suv that looks hideous ,"
 @rsdbeiles
 ",1 year ago,0.163,0.0,0.837
96,Anxiously awaiting mine to arrive . Love the colour!,"
 @ciscocastillo26
 ",1 year ago,0.362,0.153,0.484
97,I love this and the taillights remind me of the halo energy sword!,"
 @PhiveWalls
 ",1 year ago,0.397,0.0,0.603
98,I believe you are meant to gradually swivel the cup/bottle into the cup holder.,"
 @mezziemezole4314
 ",1 year ago,0.0,0.0,1.0
99,1:23 probably couldnâ€™t be a worse example.. a base model GLB does not look better than that CLA 45 ,"
 @caseydog237
 ",1 year ago,0.0,0.269,0.731
100,"Once supply chain issues are worked out, I'll be grabbing one!","
 @evalonious
 ",1 year ago,0.0,0.0,1.0
101,Even Doug Demuro didn't  know that Alpina came stock in Alpina Green as he questioned why the steering wheel was accented in green along with the M stripes.,"
 @lazeemtaylor9949
 ",1 year ago (edited),0.0,0.051,0.949
102,That b58 is a beast,"
 @jbyrd07
 ",1 year ago,0.0,0.0,1.0
103,"Loving the hair Yuri!! 
1. Genesis GV70 
2. BMW X4 M40
3. Infiniti QX55","
 @doublesidedtape1000
 ",1 year ago,0.256,0.0,0.744
104,"My mom bought one of these.  She has the same complaint about the seats.  I find the power delivery super boring compared even to my N55 X5, let alone my e46 m3.","
 @drivescene6747
 ",1 year ago,0.104,0.174,0.722
105,"Top dog in the segment at the moment, followed closely by the GLC43 AMG and the GV70 3.5t sport prestige","
 @lemeraudechic8832
 ",1 year ago (edited),0.087,0.0,0.913
106,"Jâ€™aimerais bien lâ€™acheter mais en France Ã§a coÃ»te une fortune et le malus Ã§a devient un cauchemar le prix, mais peut-Ãªtre dans les annÃ©es Ã  venir avec un peu la baisse de prix","
 @qiqi7226
 ",8 days ago,0.0,0.0,1.0
107,"question about this version x3 m40i ,  official website said that ""M sport diff is available as standard on m40i""  what are the differences between a normal m40i's x drive and a m40i with m sport diff? does your tester has m sport diff?","
 @behdadbanan
 ",1 year ago,0.0,0.0,1.0
108,"Poor Manâ€™s  â€œMâ€ suv. Love it!!
P.S. Poor is debatable given these prices lol","
 @cuzfaster1317
 ",1 year ago,0.319,0.261,0.42
109,"I agree with jacob, as a m owner, the m mirror cap is too much. It just no longer makes full m models feel special anymore, and i kinda dislike it.","
 @MisterSkizzels
 ",1 year ago,0.169,0.147,0.684
110,"The B58 will be the new LS1.  The thing rips in my new Supra, and you just breathe on them and they are making 100hp/100tq more.","
 @avis6544
 ",1 year ago,0.0,0.0,1.0
111,I love the fact that from 99% of the comments here people compared the m40i to the new GV70. Not to Mercedes or audi. That just show how far Genesis has gone. And For 10k less it's a no brainer.,"
 @jdmmaster345
 ",1 year ago,0.1,0.046,0.855
112,My 420i M sport has more more M badges than my M4  never thought about it,"
 @DarkDetectiveLight
 ",1 year ago,0.0,0.0,1.0
113,"can somebody tell me how are the seats? I mean I like everything about the x3m40, but if the seats are uncomfortable, then it might be a no for me.","
 @miata1370
 ",1 year ago,0.055,0.194,0.751
114,Just ordered a '23 X3 M40i...Alpine White over Tacora Red Sensatec.   Now the wait begins!   Thanks for your review....helped me make our decision!,"
 @hefic
 ",4 months ago (edited),0.142,0.0,0.858
115,"I can't decide on the backlights. Anyway It's not my turn yet so It's not of any importance to me, probably will get the next model. I love the sedan/touring versions though, so I yet need to decide between 5er and x3.","
 @darealdrewskii
 ",1 year ago,0.097,0.049,0.854
116,"I work in test at Bmw Spartanburg. Drive them everyday, this is definitely a Suv to have. fast, comfortable family cars. ","
 @albertofelix8470
 ",1 year ago,0.261,0.0,0.739
117,What a BMW those bold looks just love it,"
 @ericgardell4189
 ",1 year ago,0.531,0.0,0.469
118,"To be fair, it is still M designing these MPA cars, so i see no problem with them putting their logo all over these,
It's like a recognition of all the work they did, although 19 does probably cross the line into vanity territory haha

Source: Interned at M GmbH in Munich :)","
 @theyoutuber273
 ",1 year ago,0.18,0.122,0.698
119,Yuri & Jacob are friendship goals,"
 @mattlau
 ",1 year ago,0.42,0.0,0.58
120,"10:49 Totally unrelated, but nice transition for the base price and tested price. Sync with the pole as you drive by.","
 @xyz-uz6me
 ",1 year ago,0.17,0.0,0.83
121,"Hi guys, shouldn't the torque figures be in Nm (500 kw)?","
 @YocoWheelin
 ",1 year ago,0.0,0.0,1.0
122,Anyone else notice the rear seat head rests are different?,"
 @AH-lw2bj
 ",1 year ago,0.0,0.0,1.0
123,The front end looks really good!,"
 @jakeranch6731
 ",1 year ago,0.411,0.0,0.589
124,Can we talk about why the back head rests are different?,"
 @515ventures3
 ",1 year ago,0.0,0.0,1.0
125,"6:29 blonde guy flying around in the passenger seat, got me laughing. That was hilarious! Comedy segment. ","
 @oversteer_9339
 ",1 year ago (edited),0.383,0.0,0.617
126,This is the sweet spot for me. This is something i would daily for sure! ,"
 @emmanuelgerard2962
 ",1 year ago,0.318,0.0,0.682
127,Sucks the mild hybrid system kills the sound the 2019 m40iâ€™s sounded really good,"
 @johnbehneman1546
 ",1 year ago,0.158,0.297,0.545
128,I LOVE IT!!!!  THE TOTAL FAMILY HAULER!!!!  THANKS FOR SHARING!!!!,"
 @kugel7719
 ",1 year ago,0.542,0.0,0.458
129,THOSE REAR TAIL LIGHT LOOK LIKE THE ENERGY SWORD FROM HALO !!!!!!,"
 @MarcoZ34
 ",1 year ago,0.42,0.0,0.58
130,The tail lights looks like the sword in Halo.  I like it a lot ,"
 @KuyaArbee
 ",1 year ago,0.333,0.0,0.667
131,that would be the EXACT spec of an X3 :),"
 @soulofalionhs
 ",1 year ago,0.25,0.0,0.75
132,500kW of torque damn son!,"
 @Jzayyad
 ",1 year ago,0.0,0.428,0.572
133,It's crazy how this car can be so great but the seat comfort and no good place for a phone - kind of ruins it. Just drive it and you'll ,"
 @admoreno35
 ",1 year ago (edited),0.249,0.214,0.536
134,I have a 2022 X4 M40i and I love it . I tell my wife that we have a Supra engine lol,"
 @jacobhaley5387
 ",1 year ago,0.333,0.0,0.667
135,This is the one I have been waiting for.  Thank you.,"
 @qiqi7226
 ",1 year ago,0.217,0.0,0.783
136,"another question is that you mentioned that ""this tester has the adaptive suspension"" as default? i test drove the 2018 m40i model, it allows me to choose adaptive suspension with a button, but not on this 2022 model anymore.","
 @samchisholm2088
 ",1 year ago,0.0,0.0,1.0
137,I came for the limp test hopefully being a thing in every future video!,"
 @richardlabarbera3215
 ",1 year ago,0.214,0.0,0.786
138,Hopefully you gets get ur hands on the competition version also,"
 @arminabdi
 ",1 year ago,0.213,0.0,0.787
139,"0:43 I think you guys meant 500Nm for torque, not kW.","
 @anthonyt4981
 ",1 year ago,0.0,0.0,1.0
140,the new 2 series doesn't have double icon lights anymore. it literally broke bmw tradition,"
 @johnf514
 ",1 year ago,0.0,0.177,0.823
141,Using the power line poles to transition in the costs...*chef's kiss*,"
 @kakaurze4124
 ",1 year ago,0.0,0.0,1.0
142,"Nice car but rear space is very small and car is a bit narrow, I'm 6'1 and it takes a few minutes to find the good seating position, that's why I didn't buy it
GLEs Q7sor X5s-X6s have 'normal' interior space compare to US cars","
 @Ravenankh
 ",1 year ago,0.126,0.0,0.874
143,Those taillights look like Halo energy swords!,"
 @UnknownglazeYT
 ",1 year ago,0.495,0.0,0.505
144,I love the BMW X3 I have one but I donâ€™t like the body line itâ€™s to short,"
 @markderosa5242
 ",1 year ago,0.31,0.0,0.69
145,The X3 M40i is an M performance model. M Sport were packages added to previous BMW models. Really think BMW needs to drop the regular M in the X3. The M performance is a better car.. X3 M performance or X3 M Competition is all that is needed.,"
 @blake253
 ",1 year ago,0.066,0.048,0.886
146,Iâ€™ll be shopping one of these used in about 6 years. Currently drive a 340i x drive and love it to death.,"
 @ferndup7378
 ",1 year ago,0.167,0.155,0.677
147,The tail lights look more like energy swords! - 2:29,"
 @30roundporsh
 ",1 year ago (edited),0.438,0.0,0.562
148,I like the earlier x3m comp better tbh,"
 @70svd
 ",1 year ago,0.519,0.0,0.481
149,"Cool, please include pricing next time. ","
 @djemzine2008
 ",11 months ago,0.535,0.0,0.465
150,Lovely. Do you suggest I upgrade to this from the G01 2018 X3 M40i?,"
 @Bcunley
 ",1 year ago,0.241,0.0,0.759
151,FiancÃ© has a 2021. Such a good all around vehicle. Especially for throwing 4 golf bags in the back on the weekends,"
 @PlaidDad
 ",1 year ago,0.139,0.0,0.861
152,One of these tried to race me the other day. Better bring a whole lot more than that buddy boy.,"
 @joseguzman7578
 ",1 year ago,0.139,0.0,0.861
153,You guys need to do the 2022 x3m,"
 @1209jayt
 ",1 year ago,0.0,0.0,1.0
154,"Thanks for sharing this, glad to see the features of this. Thanks guys! What color is this,  I mean the exact color on the window sticker? No color like that his in the bmw website? Thanks!","
 @IvanBosnjak89
 ",1 year ago,0.379,0.045,0.576
155,"The X3 is fantastic now, but it's really expensive. I would (and did) save 10k and get a loaded GV70 instead.","
 @parminderkaur5016
 ",1 year ago,0.28,0.0,0.72
156,I have the 2021 model best ride I ever had.,"
 @eb18bulls
 ",1 year ago,0.375,0.0,0.625
157,"it looks too much like an X3M. which some may say isn't a bad thing, but it is to X3M owners. It has the M badge in the grill, special auto mirror caps, etc. Things that used to be full M exclusive, are now on the lesser trims.","
 @chinchillin6280
 ",1 year ago,0.18,0.0,0.82
158,Can you put reg gas on this car or just use premium? Premium is so pricey in CA ,"
 @Elihtv
 ",1 year ago (edited),0.0,0.0,1.0
159,Really cool Taco shirt bro. and love that refresh on the X3.,"
 @pokerfred68
 ",1 year ago,0.405,0.0,0.595
160,"Went to test drive one of these, since I am considering replacing my M340i xdrive, and due to the chip shortage, some of the options arenâ€™t available. While they have been installed, not functional, like heads-up display, SiriusXM, wireless charging, a few safety features, etc. Kind of a turn off along with the inflated pricing due to supply and demand. This is the color combo I would spec, Brooklyn Grey with red interior. Hopefully the chip shortage will end sometime next year.","
 @bri1042
 ",1 year ago,0.079,0.089,0.832
161,"I may need to redo my count, but my actual 21 M3 only has 17 M's on it.  So less.  But still a lot.","
 @skylighteffect
 ",1 year ago,0.0,0.0,1.0
162,"Our Muuuuh's () in Germany are purple... A little like the M240i you drove. Hashtag ""Milkakuh"" 

With every Generation since the first X5 they look more and more like a Korean car from the back.
 from Leipzig, Germany
And thx for ur very entertaining content ","
 @bradpalms81
 ",1 year ago,0.206,0.0,0.794
163,So for the money do you go with this or the GV70 sport?,"
 @dancestacydance
 ",1 year ago,0.0,0.0,1.0
164,I wish they kept the old odometer. Looked better,"
 @tripleknottedman
 ",1 year ago,0.483,0.0,0.517
165,X3 M40 is developed by the M division so the M badge is appropriate. But thatâ€™s a lotâ€¦,"
 @johnkrain6853
 ",1 year ago,0.0,0.0,1.0
166,bmw x3 is beautiful car.. but I just can't bring myself to get it with all these missing options due to chip shortage. wait for 2023 or 2024 model. :(,"
 @jeansassine
 ",1 year ago,0.067,0.25,0.683
167,I have the 2020 X5 and I canâ€™t find a comfortable position in those seats too! And it looks like the X3 has similar seatsâ€¦ thank goodness I leased it and didnâ€™t buy it,"
 @RJ-pr6mj
 ",1 year ago,0.308,0.0,0.692
168,If I'm not mistaken the only BMW tht had the the color stripe as far as I know was the E60 M5.,"
 @GhostPrime21
 ",1 year ago (edited),0.095,0.0,0.905
169,M performance vehicles got more M badges than full M vehicles becuz M badges make the car sells better :),"
 @Ih8chew
 ",1 year ago,0.296,0.0,0.704
170,So has anyone else mentioned the taillights look like Halo energy swords yet?,"
 @TheBepo1986
 ",1 year ago,0.295,0.0,0.705
171,wow this car has a solid 500 kilowatts of  torque wait a second....is it 500 kilowatts per meter ?,"
 @dakotahollon2720
 ",1 year ago,0.278,0.0,0.722
172,The limp test should definitely be a thing hahahaa,"
 @joshliberio7353
 ",1 year ago,0.278,0.0,0.722
173,Yuri is now Canadian Adam Levine,"
 @avtr_arn4843
 ",1 year ago,0.0,0.0,1.0
174,Dark taillights are way too underated,"
 @briansbricks7893
 ",1 year ago,0.0,0.0,1.0
175,Somebody at BMW was waiting for Halo Infinite when designing this one ,"
 @siic
 ",1 year ago,0.0,0.0,1.0
176,Idk if I should get this over regular X5..,"
 @joshstory9627
 ",1 year ago,0.0,0.167,0.833
177,Those tail lights are actually Type-1 Energy Weapon/Swords from Halo.,"
 @jayrajput6629
 ",1 year ago,0.189,0.0,0.811
178,Inline 6 with x- drive ï¸ï¸ï¸,"
 @Taeter_Tot
 ",1 year ago,0.0,0.0,1.0
179,"Oof, after hearing ya'll drag it throughout this video, not sure I'm looking forward to the m240i review","
 @tophlovr
 ",1 year ago,0.0,0.194,0.806
180,"Therapist: Limp Yuri isn't real, Limp Yuri can't hurt you.
Limp Yuri: 6:30","
 @paulv5283
 ",1 year ago,0.188,0.0,0.812
181,I would take the Macan S anytime.,"
 @Simon-jq4fj
 ",1 year ago,0.0,0.0,1.0
182,Love the Energy Sword taillights,"
 @BMWWolf
 ",1 year ago,0.677,0.0,0.323
183,Love to get one of these but why did they do away with the black kidney grill on the bmw website configurator?  Just looks odd blacked out with a chrome grill.,"
 @vaughanwatkins7146
 ",1 year ago,0.077,0.088,0.835
184,The only thing incredible about ANY bmw suv is how fast they depreciate.,"
 @joe718gt4
 ",1 year ago,0.0,0.0,1.0
185,"I want to know what their market research says between M-sport and M and the corresponding number of badges, against their respective demographics","
 @christianitliong4089
 ",1 year ago (edited),0.231,0.0,0.769
186,PLEASE MAKE THE LIMP TEST A THING!!!!,"
 @mikebroom1866
 ",1 year ago,0.41,0.0,0.59
187,Tail lights look like the Halo energy sword. Even though shotgun was still better.,"
 @Koolicyde
 ",1 year ago,0.405,0.0,0.595
188,I don't believe any cars came with the M colors in the grill... but man did they emblazon half the body of the M1.,"
 @24acresofparadise
 ",1 year ago,0.0,0.0,1.0
189,My 2020 BMW X3 has engine mounts that went bad after just after the 50k warranty went out.  It also has an oil leak.  Lemon?  Wonder if BMW fixed that issue for newer models?,"
 @trizzwizzy
 ",4 months ago,0.0,0.164,0.836
190,5:54 literally floored it,"
 @JayJay-he9bk
 ",1 year ago,0.0,0.0,1.0
191,Would rather have a mdx type s for that price,"
 @BigCocoEnergy
 ",1 year ago,0.0,0.0,1.0
192,The Halo Sword tail lights are so cool,"
 @ivysworld6164
 ",1 year ago,0.299,0.0,0.701
193,the new tail lights look like the type 1 energy sword from Halo!!! maybee its just me that sees that haha,"
 @Acc0rd79
 ",1 year ago,0.333,0.0,0.667
194,"Bro, that's a Halo Energy Sword tail light, no lobster claws!!! WOW","
 @ashton6637ify
 ",1 year ago,0.424,0.124,0.452
195,Love it,"
 @sunnykgaming2541
 ",1 year ago,0.808,0.0,0.192
196,I think the e30 m3 had the three stripes. Could be wrong,"
 @pf6797
 ",1 year ago,0.0,0.237,0.763
197,The volcanic burning of bimmer guys with the three painted grill slats suits my tastes just fine. Mighty just fine.,"
 @alisamir6350
 ",1 year ago,0.167,0.0,0.833
198,"I own a 94 Camry, and I'm all the way from Iraq, this is my dream car and this is the best car channel on YouTube, am I happy or what!?","
 @lamakicker69
 ",1 year ago,0.29,0.0,0.71
199,The best part about this car? How much power the engine can make with basic mods. You literally just need a downpipe and a e50 blend of gas and itâ€™s making 500whp.,"
 @Bcunley
 ",1 year ago,0.127,0.0,0.873
200,FiancÃ© has a 2021. Such a good all around vehicle. Especially for throwing 4 golf bags in the back on the weekends,"
 @HotNHorny
 ",1 year ago,0.139,0.0,0.861
201,"Tail lights do no look like lobster claws, its more like the sword from Halo.","
 @THExTANK13
 ",1 year ago,0.26,0.115,0.625
202,Diggin the Halo sword tail lights,"
 @allenanalla2549
 ",1 year ago,0.0,0.0,1.0
203,I thin the LIMP TEST needs to be A THING,"
 @jx9971
 ",1 year ago,0.0,0.0,1.0
204,Never seen torque measured in KW before. Should this be in Nm for the rest of the metric world?,"
 @lukeskywlkr3638
 ",1 year ago,0.0,0.0,1.0
205,500 kilowatts of torque? Wowsers!,"
 @benny1772
 ",1 year ago,0.364,0.0,0.636
206,Does the interior of the X3 feel more quality than something like the GLC- Class?,"
 @Louis-pb3nq
 ",1 year ago,0.152,0.0,0.848
207,Halo sword! Whatever it was called is what the tail lights shouldâ€™ve been called,"
 @raycool488
 ",1 year ago,0.0,0.0,1.0
208,0:25 Was that your launch control technique Yuri???????,"
 @ytna28
 ",1 year ago,0.0,0.0,1.0
209,"I donâ€™t like the new tail light designs, I personally like the years prior.","
 @GTStrane
 ",1 year ago,0.333,0.0,0.667
210,"Yooo, those tailights look like Halo energy swords!","
 @peromalmstrom7668
 ",1 year ago,0.449,0.0,0.551
211,"In UK - Europe, Continental Tyres do not make any All Season Tyres for 21 inch X3 wheels. So only choice is to go elsewhere and other Tyre Manufactures, such as Michelin Pilot Sport 4 S Tires. Continental are losing many customers because of this, like myself. This is 'Official', as Continental Tyres sent me an Email, after weeks of pushing them for an answer on the subject, confirming they do not supply as its not worth their effort for 21 inch wheels!","
 @kennungesser3203
 ",1 year ago,0.034,0.054,0.912
212,"The limp test..... may open a lot more sponsor opportunities for you guys....sorry, couldn't help it, great review guys.","
 @Ayyantalib
 ",1 year ago,0.123,0.237,0.64
213,The seats remind me of the Far From Home Spider-Man suit!,"
 @kedarpunagin5332
 ",1 year ago,0.0,0.0,1.0
214,"i dont really understand why you call them peasant blockers, we're mostly peasants here watching your videos.

PS great car, my dream car is a super off-road moded and supremelyy capable LandRover Defender.","
 @williamhe5624
 ",1 year ago (edited),0.35,0.0,0.65
215,2:27 it's an energy sword and you can't change my mind,"
 @alreadygone5794
 ",1 year ago,0.174,0.0,0.826
216,Tail lights look exactly like the plasma swords from Halo games.,"
 @ChristopherLeamons
 ",1 year ago,0.2,0.0,0.8
217,"Wet noodle testing is just so great. 
Hammer down and flail about.","
 @Moftoo
 ",1 year ago,0.323,0.0,0.677
218,Yuri has Bruce Willis 'The Jackal' vibes.,"
 @richardnavratil9661
 ",1 year ago,0.0,0.0,1.0
219,"How do you go about picking songs? If I'm to be honest, in the last about 6 months multiple of your ""theme"" songs have made it to my top played on Spotify, thanks for new tunes!","
 @dnice362
 ",1 year ago,0.256,0.0,0.744
220,They couldnâ€™t pick worse taillights,"
 @mitchellruiz3883
 ",1 year ago,0.0,0.437,0.563
221,The tail lights look exactly like the sword in Halo,"
 @doggedlydetermined7022
 ",1 year ago,0.217,0.0,0.783
222,"Really donâ€™t see a point in the X3M for a daily. These ride way better, sound better. and are more than fast enough.","
 @ricosun
 ",1 year ago,0.234,0.0,0.766
223,BMW are great cars but I think they need to be more adventurous on the interior .,"
 @richardnavratil9661
 ",1 year ago,0.319,0.0,0.681
224,I remember reading about that plane landing. That's from October. You guys have a month between recording of video and release on YT huh?,"
 @ahmedbadri3911
 ",1 year ago,0.0,0.0,1.0
225,how can you not see it ! taillights look like the sword from HALO,"
 @ca9793
 ",1 year ago,0.189,0.0,0.811
226,Bmw really needs to drop piano black from their center console.  Well looking at how design their cars i dont think they know what they are doing tho,"
 @robxones109
 ",1 year ago,0.071,0.08,0.849
227,ordered yesterday cant wait!,"
 @pjkr123
 ",1 year ago,0.0,0.0,1.0
228,"Is that a MILD HYBRID SUPRA!! 
Holy shit, IS THAT A MILD HYBRID CROSSOVER SUPRA!!!","
 @AlfredOx3
 ",1 year ago,0.0,0.284,0.716
229,Any BMW That gets Built is South Africa ðŸ‡¿ðŸ‡¦ Is always the Besy and will Win Award for Build Quality. BWM Should Give Us Back The 3 series they are messing it up where it's Being Built.,"
 @Kayjones1011
 ",1 year ago,0.177,0.0,0.823
230,Yea thatâ€™s all cool but can it hold a full jug of washer fluid???,"
 @garyclark6747
 ",1 year ago,0.154,0.0,0.846
231,Yuri looked like a Weeblr that wonâ€™t fall down through clichÃ© corner. ,"
 @xplaur
 ",1 year ago,0.2,0.0,0.8
232,"Bavaria actually is â€žthe Albertaâ€ of Germany! The cows over the, I don't know if they are skinnier or not, but they produce a different kind of milk!","
 @berkalper4742
 ",1 year ago (edited),0.0,0.0,1.0
233,"of course bmw and Mercedes styling suites suvs more than sedans, that's what's selling these days and it makes the sedans for both just look weird up front.","
 @mbaig28
 ",1 year ago,0.0,0.059,0.941
234,Pinsir like the pokemon  dope video question: when is that golf r video dropping?!,"
 @moc-iwnl4696
 ",1 year ago,0.189,0.0,0.811
235,anyone else notice the tailights look like energy swords from halo?,"
 @dontran6061
 ",1 year ago (edited),0.338,0.0,0.662
236,"I'm telling yall, that music intro is making a difference in your videos","
 @gennaromontagna9482
 ",1 year ago,0.0,0.0,1.0
237,"simply the most unrealiable European car company out there!  they just lost their way!  BMWs are literally burning up!
straight from GERMANY 10minutes old! (2) BMW Recalling Close To A Million Older Cars & SUVs In US - YouTube","
 @adamellis9731
 ",1 year ago,0.048,0.088,0.864
238,Did the model you drove have the M Sport Differential?,"
 @mr.e8561
 ",9 months ago,0.0,0.0,1.0
239,"The actual M is going to be just that, a motorized letter M that you can drive down the street.","
 @maxmeng0
 ",1 year ago,0.0,0.0,1.0
240,"Is the zf8 transmission tuned the same as the one in the X3M? 
(Makes me cringe to see M mirrors on this car)","
 @merlinulrich7590
 ",1 year ago,0.0,0.0,1.0
241,Germany has cows. We don't have cowboys though because we can keep our cows on the juicy greens next to farms and don't have to send them over such long distances.,"
 @fossfors4050
 ",1 year ago,0.0,0.0,1.0
242,"As a German living in Texas, who has visited Alberta, they're all the same.","
 @iymenabdella1774
 ",1 year ago,0.0,0.0,1.0
243,"Doesnt really look like a pincer claw, more like the energy sword from Halo","
 @ColinPopoviciu
 ",1 year ago,0.139,0.273,0.588
244,I don't understand why are you allowed to read messages on your phone while you are in the car but not on the big screen. Big screen = larger letters small screen = smaller letters. At least they can give drivers the option with a disclaimer: use it at your own risk,"
 @kevingonzalez9592
 ",1 year ago,0.0,0.053,0.947
245,Those should be call elite sword tail lights,"
 @a_k_s1973
 ",1 year ago,0.0,0.0,1.0
246,People that look after cows are called farmers,"
 @Great_America
 ",1 year ago,0.0,0.0,1.0
247,"Old tail lights are way better.  And the X3M is way too expensive at almost $30K more and for only a few more tenths of a second faster acceleration.  For that price there are way more options for way more performance.  The Tesla Model Y Performance comes to mind at $67K vs the 85K for a X3M.  Itâ€™s a no brainer - the Tesla wins hands down.  Way faster, far more modern and better technology.","
 @kylemccann3868
 ",10 months ago,0.124,0.029,0.847
248,Sweet! Now when is the Golf R video coming ,"
 @markanderson3618
 ",1 year ago,0.32,0.0,0.68
249,"Torque is 500Nm, not kW.","
 @philarob80
 ",1 year ago,0.0,0.0,1.0
250,At 10:42 if the badge wasnâ€™t there it looks like a forester!!,"
 @alexwong553
 ",1 year ago,0.236,0.0,0.764
251,Nice reviewâ€¦.Everything is cool except the price.,"
 @helmsdeep84
 ",1 year ago (edited),0.505,0.0,0.495
252,The very definition of strictly to lease vehicleâ€¦,"
 @Affalterbach1967
 ",1 year ago,0.0,0.0,1.0
253,Would take this over a Honda Element.,"
 @billflynn6394
 ",1 year ago,0.0,0.0,1.0
254,love the car! don't care for the new front end design.....a lot going on with all them lines and angles! wonder if the engineer/designer was stoned?,"
 @larrykoala5106
 ",1 year ago,0.152,0.084,0.764
255,The Toyota TRD Pro has maybe even more TRD badges,"
 @user-tj6vx3ne2d
 ",1 year ago,0.0,0.0,1.0
256,Beautiful color my car !! I contracted today. Now waiting for ..... XX months,"
 @mbertono7568
 ",1 year ago,0.272,0.0,0.728
257,The X3m40i  is a M Performance model not a M sport.,"
 @ArtGamesBG
 ",1 year ago,0.0,0.0,1.0
258,All the time my eyes were on the different back seatsâ€¦,"
 @gunnyboyz4tw
 ",1 year ago,0.0,0.0,1.0
259,Those tail lights look like the plasma sword from Halo.,"
 @jamisondavenport6760
 ",1 year ago,0.217,0.0,0.783
260,Those tail lights look like energy swords from halo.,"

",1 year ago,0.397,0.0,0.603
261,kW is not a unit of torque. Mistake at the very beginning. Great video otherwise. Keep up!,"
 @christophergejzler6952
 ",1 year ago,0.222,0.114,0.664
262,the tail lights look more like Halo energy sword,"
 @SmokeMartini
 ",1 year ago,0.424,0.0,0.576
263,At the 3:54 mark. We don't need  no stinking badges. ,"
 @hmc2s
 ",11 months ago,0.368,0.0,0.632
264,The taillights looks like the Energy Sword from Halo lol.,"
 @MrNoahs28
 ",1 year ago,0.514,0.0,0.486
265,Please do a 2022 Outlander review,"
 @gabrielrivera659
 ",1 year ago,0.365,0.0,0.635
266,"On the subject of BMW showing the news on the screen, didn't they have Facebook and Twitter available on cars before?","
 @Zabrownfish
 ",1 year ago,0.0,0.0,1.0
267,"This is M Performance, one step below full on M. There is a difference between M Performance and M Sport.","
 @syedalam6363
 ",1 year ago,0.0,0.0,1.0
268,0:44 *500Nm of torque,"
 @randomrahul5221
 ",1 year ago,0.0,0.0,1.0
269,Those rear lights..... they look like an exact copy of the sword in Halo!,"
 @YourTechGerman
 ",1 year ago,0.177,0.0,0.823
270,New subscriber here! Great channel...,"
 @shashind.9591
 ",1 year ago,0.523,0.0,0.477
271,The taillights on this SUV look like the sword from halo LOL,"
 @you_want_some_gamer8553
 ",1 year ago,0.376,0.0,0.624
272,Those tail lights remind me of Energy swords from Halo.,"
 @ashwingeorge5511
 ",1 year ago,0.189,0.0,0.811
273,I wish the new m240i was design better,"
 @zeuslightning911
 ",1 year ago,0.528,0.0,0.472
274,"When it shows the numbers, the units of torque are wrong. It is supposed to say Nm not kW","
 @danielcastro1301
 ",1 year ago,0.0,0.147,0.853
275,Totally unrelated but Honda should bring back the Element as a plug in hybrid or all electric,"
 @CPUspeed
 ",1 year ago,0.0,0.0,1.0
276,781 kw is plenty!,"
 @zanderkuhn4002
 ",1 year ago,0.0,0.0,1.0
277,Hi guys could you please tell me the option for those seats I see tacora red but never with the black on this sides just curious and I dig  your reviews,"
 @robertbrucato1022
 ",5 months ago,0.146,0.0,0.854
278,Yuri looks like a grandpa.,"
 @ytcommentsguy
 ",1 year ago,0.455,0.0,0.545
279,yuri with the limp test ,"
 @oldskooldoritos
 ",1 year ago,0.0,0.0,1.0
280,Why do the Canadian and US versions have different interior and exterior features :(,"
 @scottp6188
 ",1 year ago,0.0,0.182,0.818
281,So many badges. I don't think the United States editions have as many M badges,"
 @BrianJohnson-kh7mg
 ",1 year ago,0.0,0.163,0.837
282,HAHA. It's the getting tossed around while going into the cliche corner. The limp test should be added from now on.,"
 @ansonathan
 ",1 year ago (edited),0.157,0.0,0.843
283,"The taillights look like a ""Halo"" game weapon","
 @luisfelipe090909
 ",1 year ago (edited),0.258,0.227,0.515
284,Is the bottom of the gap between the kidney grilles slanted? Looked odd. At 6:57m,"
 @Cell1000bc
 ",1 year ago (edited),0.0,0.141,0.859
285,Hope they fixed the issue with the back camera. Just bought a 3 series. back camera almost not usable in low light. worst camera i've ever had.,"
 @northstreet79
 ",1 year ago,0.153,0.133,0.714
286,"No comment about the exhaust pops and burbles? In sport plus, 3rd gear, accelerate from 90-120km/h and let goâ€¦.pop pop pop bang burble","
 @Deca1
 ",1 year ago,0.0,0.173,0.827
287,2:17 Bout to take those taillights off and go on my own Sword Spree,"
 @07acanoia
 ",1 year ago,0.0,0.0,1.0
288,Should've called the lights Halo Energy Sword,"
 @ThucVuTrijsndr
 ",1 year ago,0.259,0.0,0.741
289,"found a used one for 64,000.   only 5,000 miles.","
 @markolivares6943
 ",8 months ago,0.0,0.0,1.0
290,The limp test should be standard operating procedure on cliche corner hahaha,"
 @zhubeenvakilzadeh9098
 ",1 year ago,0.247,0.0,0.753
291,i call this the halo sword taillights!,"
 @zmc2046
 ",1 year ago,0.0,0.0,1.0
292,Peasant blockers are an option I think,"
 @porkchopsandwiches8363
 ",7 months ago,0.0,0.0,1.0
293,Does it have a card key or android digital key?,"
 @MohamedSoumakieh
 ",1 year ago,0.0,0.0,1.0
294,Going for a X Drive,"
 @jasonstar4408
 ",1 year ago,0.0,0.0,1.0
295,My current X3M40i lease expires in about a year. Iâ€™ll probably get another one. Says it all.,"
 @calvinchann1996
 ",1 year ago,0.0,0.0,1.0
296,wait a minute! why is back right headrest slim and the left one is thick/big?,"
 @ayushmehta9813
 ",1 year ago,0.0,0.0,1.0
297,ì§„ì§œ ì¡´ë‚˜ê²Œ ì´ì˜ë‹¤ ë‚´ ë“œë¦¼ì¹´ 2ë…„ë§Œ ê¸°ë‹¤ë ¤ì¤˜..,"
 @user-ed4zs4ov1e
 ",1 year ago,0.0,0.0,1.0
298,The taillights look like energy sword from Halo.,"
 @jessihansen6762
 ",1 year ago,0.434,0.0,0.566
299,The tail lights are shaped like the Energy Sword from Halo.,"
 @crisantogarcia6646
 ",1 year ago,0.338,0.0,0.662
300,"lol those badges. Great car for Mike, or Matt, or  Mario or Mohammed.","
 @livingvroom8418
 ",1 year ago,0.385,0.0,0.615
301,"How did you get black front grill, there is no such option in US spec.","
 @rubigzhu
 ",1 year ago,0.0,0.136,0.864
302,Definitely took an L with the exterior design,"
 @stasu35
 ",1 year ago,0.31,0.0,0.69
303,"Dear BMW,

Please make a X3 M40i Coupe Hybrid.  Thank you.","
 @Emime1
 ",1 year ago,0.514,0.0,0.486
304,Tell me those tail lights donâ€™t look like halo energy swords,"
 @jacobetchison2472
 ",1 year ago,0.338,0.0,0.662
305,tail lights are the energy sword from halo.,"
 @willsfrantz
 ",1 year ago,0.231,0.0,0.769
306,Geez no on the 3 color stripes !,"
 @nvicente79
 ",1 year ago,0.0,0.333,0.667
307,Taillights look like the Halo energy sword,"
 @robplays6889
 ",1 year ago,0.479,0.0,0.521
308,you guys doing the X3M LCI review as well?,"
 @33bkim
 ",1 year ago,0.208,0.0,0.792
309,Rims and light slightly look alike,"
 @rogerroomes6158
 ",1 year ago,0.0,0.0,1.0
310,The tail lights look like the halo sword,"
 @aubery83
 ",1 year ago,0.263,0.0,0.737
311,Those back lights look like the  weapon from Halo,"
 @danielrivers4850
 ",1 year ago,0.214,0.188,0.598
312,Bebi mais que eu caramba kkkkk,"
 @jportogmail.com.brporto4172
 ",1 year ago,0.0,0.0,1.0
313,Very good guys.,"
 @mitvpr
 ",1 year ago,0.615,0.0,0.385
314,"Perhaps you'd like to explain why the world needs an X1, X2, X3, X4, X5, X6, and X7. They're cannibalizing their own brand","
 @theanonymousone9668
 ",1 year ago,0.102,0.0,0.898
315,Tail lights look like the Halo Energy Sword,"
 @mattcooper8403
 ",1 year ago,0.434,0.0,0.566
316,Peasant blockers should be standard on ALL cars!,"
 @brenrob7403
 ",1 year ago,0.0,0.0,1.0
317,Mi rate di way uno do uno reviews. Respect for that. Educated a di way mi feel a di end a di video. Respect.,"
 @jblacks2711
 ",5 months ago,0.246,0.0,0.754
318,"Have they fixed the steering in these yet?  BMW steering seems so vague compared to Porsche.  My wife's Macan's steering is significantly better than my X5, even in Sport+.","
 @djh1201
 ",1 year ago,0.091,0.059,0.85
319,"Torque should be in Nm, not kW","
 @kiranjoyv
 ",1 year ago,0.0,0.0,1.0
320,I'm not OK with the M Mirrors and the M Badge in the grill :(,"
 @FastDriver318
 ",1 year ago,0.0,0.326,0.674
321,Wow nice I love it  ,"
 @gregoryferguson5026
 ",1 year ago,0.915,0.0,0.085
322,taillights look like the halo energy sword,"
 @saudmillwala7711
 ",1 year ago,0.479,0.0,0.521
323,taillights look like the halo energy sword,"
 @saudmillwala7711
 ",1 year ago,0.479,0.0,0.521
324,taillights look like the halo energy sword,"
 @saudmillwala7711
 ",1 year ago,0.479,0.0,0.521
325,Better than X4?,"
 @MNMatt
 ",6 months ago,0.592,0.0,0.408
326,The tail lights are Halo energy swords,"
 @toyotataquero4765
 ",1 year ago,0.259,0.0,0.741
327,"i remember when the 540i m-sport came out and it had a ton of m badges, i thought that was not only stupid but that anybody who would own one of those is a poser....I now own one.....hmmm.","
 @toddcallaway8988
 ",1 year ago,0.056,0.0,0.944
328,BMW engineers thinking of tail lights while watching Spongebob. BIG MEATY CLAWS,"
 @LeanBackMac
 ",1 year ago,0.0,0.0,1.0
329,Please get the 2022 M240I,"
 @robwieters2878
 ",1 year ago,0.365,0.0,0.635
330,NEEDS A REDESIGN,"
 @ENTJ47
 ",1 year ago,0.0,0.0,1.0
331,"Jesus guys, you scared me I skipped a decade or something seeing you with your new outlook..","
 @hefic
 ",1 year ago,0.0,0.172,0.828
332,The new trd tundra has way more badges bro. Dont see the issue,"
 @ACURACALABAR11
 ",1 year ago,0.0,0.0,1.0
333,Does anybody else see energy swords from Halo for the tail lights.,"
 @allisonortiz1605
 ",11 months ago,0.16,0.0,0.84
334,"Yuriâ€™s hair? Hmmmmmmmm  okay.      LOL Yuri flying around all limp .      OMG the both of you forgot to say subscribe here  Iâ€™m already subscribed though, great video.","
 @markb1935
 ",1 year ago (edited),0.293,0.0,0.707
335,BMW is a fan of Halo with those rear lights.,"
 @remymartin15
 ",1 year ago,0.223,0.0,0.777
336,tail lights look like the HALO Type-1 Energy Swords,"
 @gm3353
 ",1 year ago,0.397,0.0,0.603
337,I think i like the GLC 43 more!,"
 @GP-ry8wt
 ",1 year ago,0.358,0.0,0.642
338,I believe their are m bmw's that come with that on the grille.,"
 @PresidentJackBauer
 ",1 year ago,0.0,0.0,1.0
339,The new BMW X3 tail light remind me of Halo sword,"
 @jayvoltron8335
 ",1 year ago,0.0,0.0,1.0
340,I like Strict Yuri !!!,"
 @Ryan-gp7jd
 ",1 year ago,0.529,0.0,0.471
341,"I donâ€™t really like the taillights, they look like something modern when the car is brand new but look dated in several months","
 @rezhaadriantanuharja3389
 ",1 year ago,0.159,0.0,0.841
342,More limp tests please,"
 @boondoc001
 ",1 year ago,0.461,0.0,0.539
343,The taillights look like energy swords from Halo,"
 @Romanu_Geoge
 ",1 year ago,0.434,0.0,0.566
344,We need bmw x4m 2022 review,"
 @sabarivl6777
 ",1 year ago,0.0,0.0,1.0
345,big grills goes well in suv but sedan nah,"
 @MFconfused
 ",1 year ago,0.153,0.158,0.69
346,when do you guys get the new civic si??,"
 @rusticacrefarms1507
 ",1 year ago,0.0,0.0,1.0
347,This or the m440i gran coupe?,"
 @audripriyom3165
 ",1 year ago,0.0,0.0,1.0
348,"I love the intro track , what track was that ?","
 @carstech2685
 ",1 year ago,0.375,0.0,0.625
349,Please review X5 45e!,"
 @hyunwoopaik4086
 ",1 year ago,0.464,0.0,0.536
350,We need more limp test,"
 @alessandroresciniti6043
 ",1 year ago,0.0,0.0,1.0
351,Tail lights give me energy sword vibes from Halo lolz,"
 @IndyDevera
 ",1 year ago,0.42,0.0,0.58
352,Jacob flexing his Rolex!,"
 @saltedcod3533
 ",1 year ago,0.0,0.0,1.0
353,Great review from 1997,"
 @tamake4492
 ",1 year ago,0.577,0.0,0.423
354,why are there different head rests in the back row?,"
 @boogieuhuh
 ",1 year ago,0.0,0.0,1.0
355,When's the M240i review coming?,"
 @shawnshibu
 ",1 year ago,0.0,0.0,1.0
356,A cowboy in germany is basiclly just a farmer (maybe with a Dog) I'd say ,"
 @froelix
 ",1 year ago,0.0,0.0,1.0
357,Taillights look like the halo sword,"
 @joshsullivan3781
 ",1 year ago,0.333,0.0,0.667
358,But is it reliable ?,"
 @agovodou
 ",1 year ago (edited),0.0,0.0,1.0
359,"At 2:17, You mean to tell me, no one else is seeing the light sword from the Halo franchise..? Cross marketing opportunity missed, BMW. Coulda had a ""Masterchief"" edition...","
 @grenou
 ",1 year ago,0.087,0.137,0.776
360,IMO the taillights looks like the top part of Lance of Longinus from 'Evangelion' anime..,"
 @scares3859
 ",1 year ago,0.249,0.0,0.751
361,they really need to work on their designs at BMW...I don't know what's going on there recently but these designs should not be finalized and making production,"
 @maximus9401
 ",1 year ago,0.0,0.0,1.0
362,I am looking forward to the introduction of this car to China,"
 @wjchan6519
 ",1 year ago,0.0,0.0,1.0
363,1:23 did he just said Mercedes SUV styling looks better then cars ???,"
 @dhrumilrathod2664
 ",1 year ago,0.223,0.0,0.777
364,Halo sword for tail lights lol,"
 @mrgogt_
 ",1 year ago,0.359,0.0,0.641
365,Not a fan of the new taillights.,"
 @irSteven
 ",1 year ago,0.0,0.282,0.718
366,"Bro it's an X3, SUV version of the 3 series not 2","
 @bakedzizi
 ",1 year ago,0.0,0.0,1.0
367,The tail lights are straight copies of the Toyota rav4 limited tail lights.,"
 @freakyford420
 ",1 year ago (edited),0.128,0.128,0.743
368,Car and driver â€¦. Maybe they should watch this.,"
 @michaelmesolellaesq
 ",1 year ago,0.0,0.0,1.0
369,"Itâ€™s M Performance guys, not â€œM Sportâ€.","
 @kamran8736
 ",1 year ago,0.0,0.0,1.0
370,Was that the audi 2 series?,"
 @finnisluv2897
 ",1 year ago,0.0,0.0,1.0
371,So funny when people say itâ€™s not a real M car it has crazy amount of M parts BMW put all of thos Mâ€™s on it but BMW doesnâ€™t know what there car is but you do,"
 @thehardcoretruth8777
 ",1 year ago,0.059,0.047,0.894
372,Jakub with the Rick Mercer send off,"
 @485chase
 ",1 year ago,0.0,0.0,1.0
373,Tail lights look like the light blades from halo,"
 @blackuzumaki28
 ",1 year ago,0.238,0.0,0.762
374,The taillights look like a jaw harp. Cannot unsee it.,"
 @ccpictures
 ",1 year ago,0.238,0.0,0.762
375,"Hey dudes, I'm cheap so I got General Altimax Arctic 12's instead of the Viking Contact 7's hope that's okay!","
 @davidkutschke54
 ",1 year ago,0.23,0.0,0.77
376,hello brothers... should I buy this (BMW X3M40i (2022 edition launched in INDIA IN 2023) 0r wait for the BMW X5 2024 just it being a newer gen model with the new TECH (the price for the both the cars might end up being same ),"
 @prashantvirgupta911
 ",12 days ago,0.034,0.0,0.966
377,It sounds so empty without the burbles anymore.,"
 @jacecole2518
 ",7 months ago,0.0,0.253,0.747
378,So they have Halo Energy Sword tail lights?,"
 @mr.merleb499
 ",1 year ago,0.231,0.0,0.769
379,"I don't know if Germany has cowboys, but they do have Eskimo Callboy...  so there's that.","
 @Nozferatu46
 ",1 year ago,0.0,0.0,1.0
380,I have 2022 x3m comp will update later with M badge counts,"
 @Modestleisure
 ",1 year ago,0.0,0.0,1.0
381,How many person gonna buy the max high X3???,"
 @nangnangee
 ",1 year ago,0.0,0.0,1.0
382,The taillights look like the sword from Halo,"
 @Sickwitit18
 ",1 year ago,0.263,0.0,0.737
383,Just found my next car,"
 @tommyb2332
 ",1 year ago,0.0,0.0,1.0
384,Nice,"
 @PhillyDee215
 ",1 year ago,1.0,0.0,0.0
385,Whatâ€™s up with those rear headrests,"
 @bhavikshah3048
 ",1 year ago,0.0,0.0,1.0
386,The new 2 series looks like a Yaris hahaha not a good thing,"
 @cop2506
 ",1 year ago,0.393,0.155,0.451
387,where is golf R review.. been waiting for YOUR review lol,"
 @cizi1909
 ",1 year ago,0.237,0.0,0.763
388,Are we all just going to ignore the 2000s eminem hairstyle?,"
 @Stantep
 ",1 year ago,0.0,0.2,0.8
389,Twist the cup while you're lifting! Problem solved,"
 @stefangoldstein4520
 ",1 year ago,0.189,0.27,0.541
390,Yeah you guys are from Canada but since you have 1.4m subs and people outside Canada watch your videos it would make sense if you only use usd for prices and people from Canada can convert it to Canadian currency and people from other countries convert it straight from usd. Just saying,"
 @GTA-om4iy
 ",1 year ago,0.073,0.0,0.927
391,Taillight remind me of energy sword from halo video game. ,"
 @raimeandhereverything9985
 ",3 months ago,0.189,0.0,0.811
392,I'm still sad that Jakub got a iPhone.,"
 @bb2status
 ",1 year ago,0.0,0.341,0.659
393,headlights look like halo energy swords,"
 @samp2185
 ",1 year ago,0.535,0.0,0.465
394,"0:43
 369 LB-FT Torque = 500kW ???
You meant Nm","
 @blackbo3332
 ",1 year ago (edited),0.0,0.0,1.0
395,The taillights remind me of the Halo energy sword,"
 @3man659
 ",1 year ago,0.208,0.0,0.792
396,I'm a Ukrainian cowboy. My family raised perogies on a farm just outside Kiev.,"
 @TheTussman
 ",1 year ago,0.0,0.0,1.0
397,2:26 pincer claws? How about Halo energy sword,"
 @TheCozzyGaming
 ",1 year ago,0.231,0.0,0.769
398,"So
M badges are â€œcookiiâ€
Honestly that color
Puke grey imo
Im actually shopping x3s and in no small credit(???) blame to u two cowboys!
Yahooooo
So
M or m40i
Thoughts if price is no issue( see used$$)","
 @sonvfave
 ",7 months ago,0.095,0.249,0.656
399,"Lots of ugly BMWs out there nowadays, but this one I like! Sweet","
 @haze1123
 ",1 year ago,0.403,0.115,0.481
400,2022 BMW X3 or 2022 VOLVO XC60?,"
 @AndresBonilla211
 ",1 year ago,0.0,0.0,1.0
401,No passenger lumbar,"
 @davidberg3154
 ",1 year ago,0.0,0.524,0.476
402,Uncomfortable seats = Total failure,"
 @pointandshootvideo
 ",1 year ago,0.0,0.747,0.253
403,i miss the box test,"
 @wonderwall135
 ",1 year ago,0.0,0.348,0.652
404,So Slim Shady quit music to review cars in Canada? Good for him...,"
 @F.S92
 ",1 year ago,0.195,0.0,0.805
405,That weapon from halo taillights,"
 @stephenosei-kofi9461
 ",1 year ago,0.0,0.355,0.645
406,Not sure if I missed it but whatâ€™s this color?,"
 @jenniferschmitt3590
 ",1 year ago,0.145,0.149,0.705
407,So you have a grey car but red seats?!!,"
 @DS-pk4eh
 ",1 year ago,0.206,0.0,0.794
408,Would you take this over a Macan GTS though?,"
 @Triple_A_Dogs
 ",1 year ago,0.0,0.0,1.0
409,I want this,"
 @SoulSparkzz
 ",1 year ago,0.565,0.0,0.435
410,you can order a regular bmw with m badging in my country.,"
 @wax333
 ",1 year ago,0.0,0.0,1.0
411,9:56 a german cowboy would be called Hirte,"
 @MrJudgi
 ",1 year ago,0.0,0.0,1.0
412,1:27 bro lost all credibility ,"
 @WesCarroll-zn9xb
 ",2 months ago,0.0,0.365,0.635
413,@Jakub M40i is not a M Sport. M Sport is an appearance package that you can select and apply on the X3 30i or any BMW that doesn't carry the inline 6. The M40i is a M Performance variant but not a full pledge ///M. It's like Audi's S Line but not the full RS. Tsk tsk tsk better brush up on your product knowledge. You're embarrassing yourself bruh.,"
 @rottidogg
 ",1 year ago,0.102,0.049,0.849
414,500kw torque???,"
 @Leugwr19
 ",1 year ago,0.0,0.0,1.0
415,its official ///M is over its just too diluted now,"
 @MegaE46
 ",1 year ago,0.0,0.0,1.0
416,More limp test!,"
 @marcinhernik1270
 ",1 year ago,0.0,0.0,1.0
417,Yuri looks unwell,"
 @itguru2037
 ",1 year ago,0.0,0.0,1.0
418,Ultimate Leasing Machine (tm),"
 @RealAvus
 ",1 year ago,0.0,0.0,1.0
419,The intro song is To be Wilder (Instrumental) from DJ Mayson,"
 @thekozatabg515
 ",1 year ago,0.0,0.0,1.0
420,500kw of torque? :D,"
 @alarpollu
 ",1 year ago,0.573,0.0,0.427
421,WOAH love the hair ï¸,"
 @Erin-bt7re
 ",1 year ago,0.583,0.0,0.417
422,Take off the front license plate at least for the pictures..,"
 @sjtanman
 ",1 year ago,0.0,0.0,1.0
423,"Guys, can you please tell me what the intro song was? ","
 @sujitsigamani4975
 ",1 year ago,0.187,0.0,0.813
424,Have BMW gone back to there old grill?,"
 @UTubeViewer2009
 ",1 year ago,0.0,0.0,1.0
425,Tbh...we dont have Cowboys in Germany xD,"
 @MrMemes-ms7gn
 ",1 year ago (edited),0.388,0.0,0.612
426,Pincers??? Tweezers is more like it.,"
 @claytonhenry5827
 ",1 year ago,0.4,0.0,0.6
427,$67K !!!!  mmmmmmmm   this or the New Lexus IS500 Prem.   ??,"
 @ttinnovations3310
 ",1 year ago,0.0,0.0,1.0
428,"Its not a real ""M""?","
 @versace_mel
 ",1 year ago,0.0,0.0,1.0
429,Big grille energy,"
 @hassan_codes
 ",1 year ago,0.512,0.0,0.488
430,hey I own this car!,"
 @jpayan1694
 ",1 year ago,0.0,0.0,1.0
431,soccer moms will love it!,"
 @aliali-ce3yf
 ",1 year ago,0.529,0.0,0.471
432,Soooooo maybe take the badges off?? Get over it ,"
 @v8chevrolet646
 ",1 year ago,0.0,0.0,1.0
433,Lunch control ï¸,"
 @bereset.
 ",1 year ago,0.0,0.0,1.0
434,Yuri is losing weight.,"
 @sapphir8
 ",1 year ago,0.0,0.464,0.536
435,Looks like they just ripped off the ASpec RDX. Source: own one.,"
 @MixtopherTV
 ",1 year ago,0.185,0.0,0.815
436,"M is spacial version of BMW in my memory but not today ,M just a plastic parts that put on all BMW","
 @tanawatleelayouva5123
 ",1 year ago,0.0,0.0,1.0
437,"Nah that news thing is a cool feature, drivers should be better trained. Otherwise make everyone switch to a tesla now and end any human involved driver because cutting down distractions will eventually make human driving obsolete. We will find a way to ruin everything.","
 @manjyot818
 ",3 months ago,0.102,0.213,0.685
438,Review for the Toyota Corolla Cross??,"
 @soshwoink2203
 ",1 year ago,0.0,0.0,1.0
439,Awesome Happy Holidays,"
 @davidjamgochian6977
 ",1 year ago,1.0,0.0,0.0
440,What color is this? Brooklyn metallic? Can't find answer throughout the thead.,"
 @j.a.olazagasti5278
 ",1 year ago,0.0,0.0,1.0
441,281kw 500nm,"
 @smm6526
 ",1 year ago,0.0,0.0,1.0
442,"Ha.....Jakub said ""see you next Tuesday""","
 @ivanlowjones6930
 ",1 year ago,0.0,0.0,1.0
443,They look 45 y.o,"
 @fabiodossantos920
 ",1 year ago,0.0,0.0,1.0
444,the colours called brooklyn grey if not wrong?,"
 @serkdamerc6236
 ",1 year ago,0.385,0.0,0.615
445,It's a 3.0?,"
 @alex-uy8yu
 ",1 year ago,0.0,0.0,1.0
446,Why does this guy look like a boot leg version of Eminem ,"
 @amesmrb
 ",1 year ago,0.2,0.0,0.8
447,pls review the toyota corolla cross,"
 @nguyenkhangchannel8429
 ",1 year ago,0.206,0.0,0.794
448,Germany has hyper efficient cowsâ€¦lol,"
 @abdulsadiq8873
 ",1 year ago,0.412,0.0,0.588
449,What is â€œMâ€ stand for here? Money? Mad? Man? Meow? ,"
 @70svd
 ",11 months ago,0.0,0.316,0.684
450,Why is that these youtubers sound all like salesman? It's all Beautiful all good.,"
 @andresmattos7541
 ",1 year ago,0.458,0.0,0.542
451,0:42 500kW ?,"
 @nithishjvj8736
 ",1 year ago,0.0,0.0,1.0
452,Those taillights look like cotterpins ,"
 @Idhash
 ",1 year ago,0.385,0.0,0.615
453,6:31 to 6:41 lol yuri ,"
 @jadebrian2714
 ",1 year ago,0.412,0.0,0.588
454,I don't know how I feel about its look. I think it lacks elegance,"
 @theyoutuber273
 ",1 year ago,0.237,0.0,0.763
455,No Cowboys in Germany as far as i know ,"
 @NeulandPioniere
 ",1 year ago,0.0,0.239,0.761
456,"""German cowboys are faster""! lol","
 @richardt2052
 ",1 year ago,0.436,0.0,0.564
457,No more gasoline car for me,"
 @yong8138
 ",1 year ago,0.0,0.306,0.694
458,M isnt evem M anymore. They have watered it down so much its rly ruined how special M cars were. Its like adding SS to everything.  The car itself isnt bad but they just need to stop slapping M to everything,"
 @hairychesticles1
 ",1 year ago (edited),0.13,0.114,0.755
459,I was just in Vegas and apparently there is a Cowboy Conference,"
 @ahkeen
 ",1 year ago,0.0,0.0,1.0
460,What was the name of that opening song?,"
 @coleevans4833
 ",1 year ago,0.0,0.0,1.0
461,No crackles and pop,"
 @connorquinn1737
 ",1 year ago,0.0,0.423,0.577
462,Just im goona say Ø§Ù„Ù„Ù‡Ù… Ø£Ø±Ø²Ù‚Ù†Ø§ ÙŠØ§Ø§Ø§Ø§ï¸Ø§Ø§Ø§Ø±Ø¨,"
 @moksetharous9639
 ",1 year ago,0.0,0.0,1.0
463,"WOW I'M EARLY!! 
Hello everyone, have a wonderful Friday eh?","
 @richardnavratil9661
 ",1 year ago,0.557,0.0,0.443
464,what red interior is that? it certainly isnt tacora red,"
 @sak1398
 ",1 year ago,0.211,0.0,0.789
465,I hate the taillights,"
 @echln3209
 ",1 year ago,0.0,0.649,0.351
466,I farted in that X3 before they test drove it.,"
 @munkeepoops
 ",1 year ago,0.0,0.0,1.0
467,LIMP TEST!!,"
 @treevs
 ",1 year ago,0.0,0.0,1.0
468,The rear lights are ,"
 @holycowjustwow
 ",1 year ago,0.0,0.0,1.0
469,Huge L for the interior,"
 @sorenemil-rk5oq
 ",1 year ago,0.434,0.0,0.566
470,"You two people shauting & explaining your thrill.....
Perhaps we can' t hear the engine sound performance......
Aturely it is rather ugly being
desapointing custommers like
us......!","
 @dealwisdroym6645
 ",1 year ago,0.086,0.123,0.791
471,x4m next?,"
 @holymolys7692
 ",1 year ago,0.0,0.0,1.0
472,BMMMMW - mmmmuch better by design,"
 @bobpurcell5662
 ",1 year ago,0.42,0.0,0.58
473,X4 looks better.,"
 @Samada500
 ",1 year ago,0.592,0.0,0.408
474,M mirrorâ€™s are a complete violation,"
 @andrewwilkes17
 ",1 year ago,0.0,0.516,0.484
475,All these guys do is complain about things that donâ€™t matter !,"
 @starkilla1551
 ",1 year ago,0.085,0.217,0.698
476,Lmao 19 â€œMâ€ badges,"
 @Kionnaallure
 ",1 year ago,0.565,0.0,0.435
477,BMW is going down the drain when it comes to styling and marketing imo.,"
 @matmul4850
 ",1 year ago,0.0,0.0,1.0
478,Energy Sword tail lights,"
 @raysye1213
 ",1 year ago,0.412,0.0,0.588
479,wheres the box test gone???,"
 @allenmanoj2158
 ",1 year ago,0.0,0.0,1.0
480,This or the GLC 43?,"
 @Taroth21
 ",1 month ago,0.0,0.0,1.0
481,Are they skinnier cows! ,"
 @ryanb8736
 ",2 months ago,0.0,0.0,1.0
482,"I'm kinda mad as a 22 x3mc owner, if you do not pay attention to the details, m40i and x3mc kinda look the same.... some picture online evens shows m40i has a m sports seats... come on BMW...","
 @royji96
 ",1 year ago,0.035,0.078,0.887
483,,"
 @benlecluyse
 ",1 year ago,0.0,0.0,0.0
484,Rotate the cup when you pull it out.,"
 @donrisley947
 ",1 year ago,0.0,0.0,1.0
485,Rotate the cup when you pull it out.,"
 @donrisley947
 ",1 year ago,0.0,0.0,1.0
486,Rotate the cup when you pull it out.,"
 @donrisley947
 ",1 year ago,0.0,0.0,1.0
487,Rotate the cup when you pull it out.,"
 @donrisley947
 ",1 year ago,0.0,0.0,1.0
488,Rotate the cup when you pull it out.,"
 @donrisley947
 ",1 year ago,0.0,0.0,1.0
489,They copied the taillights from the kia seltos.,"
 @devendra455
 ",1 year ago,0.0,0.375,0.625
490,Tail light looks like some Kia,"
 @ankyk1
 ",1 year ago,0.234,0.393,0.374
491,Upload the Golf R video,"
 @garrettcasper338
 ",1 year ago,0.0,0.0,1.0
492,"Really got to drop the ""Peasant blocker"" thing... Please and thank you","
 @jamescadigan925
 ",1 year ago,0.297,0.146,0.557
493,,"
 @miguelvargas2022
 ",1 year ago,0.0,0.0,0.0
494,M should only be on a M car. That's like me putting a Hellcat on my Jeep.,"
 @Qugie
 ",1 year ago,0.172,0.0,0.828
495,Taillights ,"
 @born2drift
 ",1 year ago,0.0,0.0,1.0
496,what happened with the sound of this video??? its all mixed up and wrong,"
 @tomrodrigues6687
 ",1 year ago,0.0,0.219,0.781
497,Tacoma shirt lol,"
 @haamidwilliams1503
 ",1 year ago,0.583,0.0,0.417
498,What color is this??,"
 @jake5655
 ",11 months ago,0.0,0.0,1.0
499,Mild hybrid is another way to say that BMW  saves money in the wrong places. Suzuki tech on a much more expensive BMW.,"
 @gogutzy
 ",1 year ago,0.0,0.129,0.871
500,"Taco shirt, Jakub buy a Tacoma or something?","
 @tigerjeebs5048
 ",1 year ago,0.0,0.0,1.0
501,BRUDER:,"
 @jrf32477
 ",1 year ago,0.0,0.0,1.0
502,nice,"
 @sentansivakumar9867
 ",1 year ago,1.0,0.0,0.0
503,Whats the name on this specific color?,"
 @thirteen1364
 ",5 months ago,0.0,0.0,1.0
504,"okay guys whatever you say that break lights are ugly as hell, and worst thing is when you show the back of that suv the only thing I can see is that huge ass break lights, those are too obvious ","
 @kalindurajapaksha392
 ",1 year ago,0.08,0.294,0.626
505,You cannot push an answer button on the phone it is illegal but it will show you articles on the car screen??? ,"
 @jevgeniardassov
 ",1 year ago,0.0,0.119,0.881
506,æ‹¿é’±ç”¨ä¸¤åªè„šåŽ»æ±‚ä»–ä¸€ä¸ªWKå•¦ï¼è¦ä¸ç„¶æ²¡LAWå°±å¥½äº†ï¼ï¼ï¼ä¸€ç›´èµ°å°±å¯ä»¥äº†ï¼ï¼ï¼æˆ‘ARMONIè®²çš„è¯ï¼Œèµ°åˆ°ç´¯äº†ï¼Œæ´ªé¡ºå ‚ä¸‰ä¸ªå­—å°±æ˜¯è§£å†³äº†ï¼ï¼ï¼æˆ‘ARMONIè®²çš„è¯.,"
 @bengtiew9658
 ",1 year ago,0.0,0.0,1.0
507,B588888,"
 @lazeemtaylor9949
 ",11 months ago,0.0,0.0,1.0
508,"The blonde hair says: ""My fame has brought me a relationship with a hot, intense woman who has introduced me to new ideas and awesome new drugs.""","
 @gglen2141
 ",1 year ago,0.274,0.0,0.726
509,"A lot of people like that Brooklyn Grey color but I think it's terrible.  Plain, boring, no pop.  It looks like they put on undercoat and forgot the final color.","
 @mikex1384
 ",1 year ago,0.161,0.261,0.579
510,But it will be bann in 2030,"
 @manofsteel3589
 ",1 year ago,0.0,0.0,1.0
511,"I really cant understand bmw, why do they keep fucking up the designs. The make such excellent cars in terms of handling, ride quality, engine, technology, interioand exterior quality nd their interiors are really good. And then they fuck up the exterior design sometimes little bit, sometimes a lot. And the thing that frustrates me the most, is that they do it on purpose. Previous gen bmws were some of the most beautiful cars on the road. And its not just that the design is bad, they mess up their design language, desig language the had for years. Example, wanna put an new grill on the 4series, cool, but dont mess up the sidelines, keep the strong, original, bmw like.  The new x3 front and back are just all over the place. the tailights especially, wtf. Same goes for the new 2series coupe, such beautiful and sporty car anfd then the front lights and rear light are rear design are wack. Somebody needs to bring the message to bmw. They have fucked up and need to fix it insteaa of just insisting on their new way just because they cant admitt their shit.","
 @loukasantoniou8054
 ",1 year ago,0.128,0.102,0.77
512,BMW please don't remove black from your brand ambassador logo identity image.,"
 @kealebogakagisoramothwa9375
 ",1 year ago,0.173,0.0,0.827
513,540i GT,"
 @brandonturner9269
 ",1 year ago,0.739,0.0,0.261
514,How did you NOT edit out all that German cowboy nonsense?,"
 @suserman7775
 ",1 year ago,0.0,0.213,0.787
515,Where Golf R at?,"
 @JohnMaiurro
 ",1 year ago,0.0,0.0,1.0
516,German cowbows can be listened to - search for a band named Boss Hoss,"
 @Solexe
 ",1 year ago,0.0,0.0,1.0
517,Why is Pete Davidson doing this review?,"
 @mikekeller5202
 ",1 year ago,0.0,0.0,1.0
518,Bad boy car,"
 @YaDunno54
 ",9 months ago,0.0,0.636,0.364
519,Tailights sponsored by bungie,"
 @ibcrazy3
 ",1 year ago,0.0,0.0,1.0
520,"We have no cows and normal cows that do nothing, just eating and looking around.","
 @JarnoScw
 ",1 year ago,0.0,0.136,0.864
521,"I hate how BMWs all have the 
exact same dash layout. Literally ","
 @Karreil2525
 ",1 year ago (edited),0.0,0.27,0.73
522,X3 MONEY40i,"
 @DansFitness
 ",1 year ago,0.0,0.0,1.0
523,Am I the only one hates the tail light?,"
 @nicholasli
 ",1 year ago,0.0,0.293,0.707
524,Halo sword > lobster claws,"
 @evanescent0311
 ",7 months ago (edited),0.0,0.0,1.0
525,"German cowboys, guys? Really?","
 @brianfreeman197
 ",1 year ago,0.0,0.0,1.0
526,2022 BMW X4,"
 @rexhii4162
 ",1 year ago,0.0,0.0,1.0
527,Yeah 19 badges is kinda poser,"
 @Stan_sprinkle
 ",1 year ago,0.306,0.0,0.694
528,"Cool car, you guys look homeless though.","
 @daniellarrivee4341
 ",1 year ago,0.277,0.0,0.723
529,What is this color called?!,"
 @chelseawolfgang6474
 ",1 year ago,0.0,0.0,1.0
530,Rotate your cup while pulling it out,"
 @donrisley947
 ",1 year ago,0.0,0.0,1.0
531,it looks heavy & sure its heavy... the design also isn't fresh as it was & even feels out of date.. & the M badges.. embarrassing,"
 @shin-eisato5788
 ",1 year ago,0.089,0.176,0.735
532,Rotate your cup when you pull it out,"
 @donrisley947
 ",1 year ago,0.0,0.0,1.0
533,Rotate your cup when you pull it out,"
 @donrisley947
 ",1 year ago,0.0,0.0,1.0
534,wtf what happened to yuris hair,"
 @yaboiyosef7640
 ",1 year ago,0.0,0.432,0.568
535,"Ur opinions are starting to mean nothing, you guys just said that the style of a glb is nicer than a cla45, how am I supposed to take anything you guys say about looks seriously?","
 @thebabygt6963
 ",1 year ago,0.084,0.049,0.867
536,That taillight look eww,"
 @ericljy99
 ",1 year ago,0.0,0.0,1.0
537,I love you.,"
 @RamonRosario609
 ",1 year ago,0.808,0.0,0.192
538,I would rather have a Tesla,"
 @randolphtorres4172
 ",1 year ago,0.0,0.0,1.0
539,6:30 bro lmao,"
 @jinwonkim3180
 ",1 year ago,0.661,0.0,0.339
540,those tail lights.....ssssSSSSUUUUUUCCCKKK,"
 @avip9
 ",1 year ago,0.0,0.0,1.0
541,Blond? Please!,"
 @JosePedroEspinosa
 ",1 year ago,0.722,0.0,0.278
542,"I hope my dad don't buy dis car. 



He look at all the 2022 German suvs","
 @gangsterslyoverhang8119
 ",1 year ago,0.172,0.0,0.828
543,What happened to his hair?,"
 @robbysipahutar944
 ",1 year ago,0.0,0.0,1.0
544,What up with the membership Join cash grab fellas?,"
 @anjelfliye6204
 ",2 months ago,0.216,0.0,0.784
545,Adios Amigo jajaja,"
 @danielsilveriogil
 ",1 year ago,0.0,0.0,1.0
546,whose the slim shady?,"
 @user-rl6xm1ws9b
 ",1 year ago,0.0,0.0,1.0
547,This or rsq3,"
 @marioscorsa1098
 ",1 year ago,0.0,0.0,1.0
548,looks like a kia,"
 @ozzyosbourne5100
 ",1 year ago,0.325,0.545,0.13
549,I own a F series and I just hate the newer looks. This has started to look like acura. M2 is super disappointing and now they keep messing up angel lights and tail lights. Only engine is better but don't think I will be buying a BMW next. Overall ugly,"
 @Aman1818
 ",1 year ago,0.116,0.168,0.716
550,Stop with the suvs auto industry,"
 @mammut677
 ",1 year ago,0.0,0.306,0.694
551,Those taillights are hideous.,"
 @jjchockey
 ",1 year ago,0.0,0.0,1.0
552,"Wheels are meh, never liked the machined on black paint, look like Honda or Hyundai's","
 @jacobs1047
 ",1 year ago,0.138,0.2,0.662
553,X3 and x5 are the most unreliable,"
 @issavibez394
 ",1 year ago,0.0,0.0,1.0
554,slim shady,"
 @ivan1usa
 ",1 year ago,0.0,0.0,1.0
555,The taillights are hideous,"
 @BurakkuYume
 ",1 year ago,0.0,0.0,1.0
556,Can BMW please change their dated interior ,"
 @JayJay-he9bk
 ",1 year ago,0.277,0.0,0.723
557,yuri hair colour is not good at all,"
 @gaurishgautam100
 ",1 year ago,0.0,0.256,0.744
558,thanks,"
 @HoangLe-nw4xg
 ",1 year ago,1.0,0.0,0.0
559,"I donâ€™t like how this was a sponsored biased review. Because of this thumbs down and probably wonâ€™t watch this channel anymore. This car was riddled with issues. Anyone notice there used to be tons of these on the road and as they get older you donâ€™t see them on the road, that was not discussed at all.","
 @JtsTubes
 ",1 year ago,0.043,0.036,0.922
560,blonde hair but why?,"
 @ii7u
 ",1 year ago,0.0,0.0,1.0
561,Too much  chatter about unrelated subjects,"
 @peterrissetto4451
 ",4 months ago,0.0,0.0,1.0
562,Mehâ€¦.another SUV.,"
 @lotsofcurveslover
 ",1 year ago,0.0,0.0,1.0
563,"Nothing from BMW excites me, and this suv is no different. Its very meh both from the inside and out. I MAYBE give them props for the redesigned tailights which do look very Halo-like. But, overall it does nothing for my soul.","
 @ax23xr
 ",1 year ago,0.0,0.11,0.89
564,Eww what did you do to your hair? This isnâ€™t â€˜99 Slim Shady.,"
 @AnontheGOAT
 ",1 year ago (edited),0.0,0.0,1.0
565,"Looks ugly from the front, everything else is good","
 @anandpushkar7510
 ",1 year ago,0.22,0.25,0.53
566,so early!,"
 @Nebbia_affaraccimiei
 ",1 year ago,0.0,0.0,1.0
567,"The amount of tire propaganda being pushed is sickening. You'd think these guys are sponsored or something... 

Be safe y'all, Happy Holidays... but not for the M240i, ugly little piece of xxxx..","
 @cashmeretanktop
 ",1 year ago,0.109,0.207,0.684
568,What it's This Music,"
 @rakhsiprayogo82
 ",1 year ago,0.0,0.0,1.0
569,Halo swords?,"
 @HawkSea
 ",1 year ago,0.0,0.0,1.0
570,Exterior is way uglier. Bumpers and rear tail lights are hideous.,"
 @zuti071
 ",1 year ago,0.0,0.242,0.758
571,Never trust BMW and their reliability and quality build. Never buy BMW,"
 @ElectricChairForU
 ",1 year ago,0.0,0.197,0.803
572,Lol taco,"
 @misterbean8350
 ",1 year ago,0.737,0.0,0.263
573,I prefer to bmw m4 g80,"
 @jacobrev6567
 ",1 year ago,0.0,0.0,1.0
574,Buy SANTA COIN ,"
 @Progamer8012
 ",1 year ago,0.0,0.0,1.0
575,Interior looks outdated,"
 @mnjb91
 ",3 months ago,0.0,0.0,1.0
576,Sad that BMW's style is now ugly.,"
 @northox
 ",1 year ago,0.0,0.561,0.439
577,Not very pretty. Mini bucky beever it is.,"
 @jim99west46
 ",1 year ago,0.0,0.289,0.711
578,8,"
 @williamcarter1381
 ",1 year ago,0.0,0.0,0.0
579,"I will take an AMG GLC 43 over this any day. The AMG is way more fun to drive, better handling, and far better sounding exhaust. The BMW has no character and very boring.","
 @Alex.AL_26
 ",1 year ago,0.216,0.161,0.622
580,Who thinks itâ€™s ugly,"
 @felipealmeida822
 ",1 year ago,0.0,0.524,0.476
581,"F..k this s..t, get Toyota, Honda or Mazda","
 @lastmacedonian9217
 ",1 year ago,0.0,0.0,1.0
582,Ugly car,"
 @hans0747
 ",1 year ago,0.0,0.767,0.233
583,Ugly mom car with a powerful power train..,"
 @Seth-uf8sg
 ",11 months ago,0.252,0.297,0.45
